<?xml version="1.0" encoding="UTF-8"?>
<project-private xmlns="http://www.netbeans.org/ns/project-private/1">
    <editor-bookmarks xmlns="http://www.netbeans.org/ns/editor-bookmarks/2" lastBookmarkId="0"/>
    <open-files xmlns="http://www.netbeans.org/ns/projectui-open-files/2">
        <group>
            <file>file:/C:/Users/crisc/OneDrive/Documentos/NetBeansProjects/Servidor/EjercicioJoseCabreraWeb/web/index.html</file>
            <file>file:/C:/Users/crisc/OneDrive/Documentos/NetBeansProjects/Servidor/EjercicioJoseCabreraWeb/web/WEB-INF/web.xml</file>
            <file>file:/C:/Users/crisc/OneDrive/Documentos/NetBeansProjects/Servidor/EjercicioJoseCabreraWeb/web/msgActividadAñadida.html</file>
            <file>file:/C:/Users/crisc/OneDrive/Documentos/NetBeansProjects/Servidor/EjercicioJoseCabreraWeb/web/actividadExtraescolas.jsp</file>
            <file>file:/C:/Users/crisc/OneDrive/Documentos/NetBeansProjects/Servidor/EjercicioJoseCabreraWeb/web/errorActividad.html</file>
            <file>file:/C:/Users/crisc/OneDrive/Documentos/NetBeansProjects/Servidor/EjercicioJoseCabreraWeb/src/java/servlets/ServletLogin.java</file>
            <file>file:/C:/Users/crisc/OneDrive/Documentos/NetBeansProjects/Servidor/EjercicioJoseCabreraWeb/web/error.html</file>
            <file>file:/C:/Users/crisc/OneDrive/Documentos/NetBeansProjects/Servidor/EjercicioJoseCabreraWeb/src/java/servlets/ServletValida.java</file>
        </group>
    </open-files>
</project-private>
